job_id,job_date,client_id,zip_code,total_price,total_cost,duration_days,payment_status,payment_method,payment_delay_days,review_score,num_services
1,2023-01-01,1,32808,545,70,1,Paid,Zelle,0,5,1
2,2023-01-01,2,32750,1855,740,2,Paid,Card,0,5,1
3,2023-01-03,1,32808,1135,455,2,Paid,Cash,0,1,1
4,2023-01-03,1,32808,365,65,1,Paid,Zelle,0,5,2
5,2023-01-03,3,32746,1180,470,2,Paid,Check,0,5,1
6,2023-01-05,3,32746,225,35,1,Paid,Card,0,4,1
7,2023-01-06,2,32750,385,65,1,Paid,Check,0,5,2
8,2023-01-08,3,32746,85,25,1,Paid,Card,1,3,1
9,2023-01-09,5,32779,1370,260,1,Paid,Cash,0,5,1
10,2023-01-09,6,34786,980,115,1,Paid,Cash,0,5,2
11,2023-01-10,7,32765,360,60,1,Paid,Card,0,4,1
12,2023-01-11,7,32765,1210,345,1,Paid,Zelle,0,5,1
13,2023-01-15,6,34786,1695,260,1,Paid,Zelle,0,5,1
14,2023-01-16,9,32825,1875,750,2,Paid,Zelle,0,5,1
15,2023-01-18,11,32825,455,100,1,Paid,Zelle,0,4,4
16,2023-01-20,6,34786,990,395,2,Paid,Check,1,4,1
17,2023-01-21,9,32825,1460,585,2,Paid,Zelle,0,5,1
18,2023-01-21,5,32779,250,40,1,Paid,Check,0,1,1
19,2023-01-22,13,32836,250,30,1,Paid,Check,0,5,1
20,2023-01-22,1,32808,1270,510,2,Paid,Zelle,0,5,1
21,2023-01-22,2,32750,2240,460,1,Paid,Card,0,5,3
22,2023-01-26,13,32836,2060,825,2,Paid,Card,0,4,1
23,2023-01-27,1,32808,260,40,1,Paid,Cash,0,5,2
24,2023-01-27,3,32746,695,200,1,Paid,Zelle,1,5,1
25,2023-01-28,14,32825,435,100,1,Paid,Zelle,0,5,2
26,2023-01-28,6,34786,225,30,1,Paid,Card,0,5,2
27,2023-01-28,13,32836,250,65,1,Paid,Card,0,5,1
28,2023-01-29,4,32836,935,190,1,Paid,Check,0,5,1
29,2023-01-30,8,32825,185,30,1,Paid,Zelle,0,5,2
30,2023-01-31,18,32789,1745,700,2,Paid,Check,0,5,1
31,2023-01-31,1,32808,125,20,1,Paid,Zelle,0,5,1
32,2023-02-02,2,32750,550,120,1,Paid,Zelle,0,5,3
33,2023-02-02,22,32707,225,55,1,Paid,Zelle,0,4,1
34,2023-02-03,12,32825,500,125,1,Paid,Zelle,0,5,1
35,2023-02-04,18,32789,105,20,1,Paid,Card,0,4,1
36,2023-02-06,24,32779,60,15,1,Paid,Check,0,5,1
37,2023-02-06,4,32836,465,60,1,Paid,Card,1,5,2
38,2023-02-07,9,32825,900,360,2,Paid,Cash,0,4,1
39,2023-02-08,25,32808,2230,375,1,Paid,Cash,1,5,3
40,2023-02-09,1,32808,225,35,1,Paid,Zelle,0,5,1
41,2023-02-09,11,32825,1810,725,2,Paid,Cash,0,5,1
42,2023-02-09,6,34786,2450,980,2,Paid,Card,0,1,1
43,2023-02-10,1,32808,2020,810,2,Paid,Zelle,0,5,1
44,2023-02-11,23,32746,295,85,1,Paid,Check,0,4,1
45,2023-02-11,29,32792,335,40,1,Paid,Check,0,5,2
46,2023-02-11,34,32746,225,25,1,Paid,Check,0,5,1
47,2023-02-13,23,32746,100,25,1,Paid,Check,0,5,1
48,2023-02-13,32,32765,70,10,1,Paid,Zelle,1,4,1
49,2023-02-14,4,32836,1690,265,1,Paid,Zelle,0,5,2
50,2023-02-14,23,32746,320,90,1,Paid,Card,0,5,2
51,2023-02-14,38,32808,2560,515,1,Paid,Zelle,0,4,2
52,2023-02-16,5,32779,250,55,1,Paid,Card,0,5,1
53,2023-02-18,35,32779,1810,515,1,Paid,Check,0,5,3
54,2023-02-18,9,32825,110,20,1,Paid,Zelle,0,4,1
55,2023-02-18,5,32779,1045,155,1,Paid,Card,0,5,2
56,2023-02-19,32,32765,1670,235,1,Paid,Zelle,0,5,2
57,2023-02-19,24,32779,100,30,1,Paid,Check,0,2,1
58,2023-02-20,43,34786,1615,350,1,Paid,Check,0,4,3
59,2023-02-20,44,32750,1695,405,1,Paid,Zelle,0,5,2
60,2023-02-20,3,32746,430,95,1,Paid,Card,0,5,3
61,2023-02-22,10,32789,485,80,1,Paid,Cash,0,5,3
62,2023-02-24,28,32836,435,55,1,Paid,Check,0,5,2
63,2023-02-24,39,32746,3315,1325,2,Paid,Card,1,4,1
64,2023-02-25,45,32779,2065,385,1,Paid,Card,0,4,4
65,2023-02-25,22,32707,330,50,1,Paid,Zelle,0,5,2
66,2023-02-25,44,32750,70,15,1,Paid,Zelle,0,4,1
67,2023-02-26,35,32779,570,140,1,Paid,Check,0,4,2
68,2023-02-26,34,32746,2215,260,1,Paid,Zelle,0,5,4
69,2023-02-27,15,32825,335,65,1,Paid,Cash,0,5,1
70,2023-02-27,6,34786,250,45,1,Paid,Card,0,5,1
71,2023-02-28,18,32789,155,15,1,Paid,Check,0,4,1
72,2023-03-01,50,32714,375,65,1,Paid,Zelle,0,5,3
73,2023-03-01,42,32779,715,160,1,Paid,Card,1,5,3
74,2023-03-02,23,32746,1035,415,2,Paid,Check,0,1,1
75,2023-03-02,48,32707,1210,485,2,Paid,Cash,0,5,1
76,2023-03-02,42,32779,395,90,1,Paid,Zelle,0,4,3
77,2023-03-03,55,32765,1725,360,1,Paid,Zelle,0,5,3
78,2023-03-03,28,32836,1770,475,1,Paid,Card,0,5,2
79,2023-03-03,3,32746,145,35,1,Paid,Zelle,0,5,1
80,2023-03-04,60,34786,1470,355,1,Paid,Check,0,5,4
81,2023-03-05,41,32746,1260,365,1,Paid,Zelle,0,5,1
82,2023-03-06,31,32792,80,15,1,Paid,Card,0,5,1
83,2023-03-06,47,32750,1520,240,1,Paid,Check,1,1,3
84,2023-03-07,16,34786,550,155,1,Paid,Zelle,0,3,1
85,2023-03-08,62,32808,320,55,1,Paid,Card,1,5,2
86,2023-03-10,44,32750,180,45,1,Paid,Card,0,4,1
87,2023-03-13,64,32746,3015,1205,2,Paid,Zelle,0,5,1
88,2023-03-13,52,32765,110,30,1,Paid,Zelle,0,4,1
89,2023-03-14,17,32825,1365,175,1,Paid,Zelle,0,4,3
90,2023-03-14,54,32707,820,105,1,Paid,Zelle,0,1,3
91,2023-03-14,15,32825,175,40,1,Paid,Cash,0,5,1
92,2023-03-15,4,32836,180,25,1,Paid,Card,0,3,1
93,2023-03-15,47,32750,1655,660,2,Paid,Zelle,0,5,1
94,2023-03-16,68,32836,1750,370,1,Paid,Check,0,4,1
95,2023-03-17,8,32825,265,55,1,Paid,Zelle,0,5,1
96,2023-03-17,38,32808,1045,235,1,Paid,Cash,0,5,1
97,2023-03-17,32,32765,2380,950,2,Paid,Zelle,0,5,1
98,2023-03-18,39,32746,570,130,1,Paid,Check,0,5,2
99,2023-03-19,56,32714,1180,470,2,Paid,Zelle,0,5,1
100,2023-03-19,27,32792,515,135,1,Paid,Card,0,5,3
101,2023-03-19,56,32714,1785,325,1,Paid,Zelle,0,4,3
102,2023-03-20,45,32779,2405,665,1,Paid,Check,0,5,2
103,2023-03-20,64,32746,1820,730,2,Paid,Zelle,0,4,1
104,2023-03-20,22,32707,1240,240,1,Paid,Cash,0,5,1
105,2023-03-21,13,32836,60,15,1,Paid,Check,0,5,1
106,2023-03-22,47,32750,900,360,2,Paid,Zelle,0,5,1
107,2023-03-22,6,34786,190,40,1,Paid,Card,0,2,1
108,2023-03-22,79,34786,1365,220,1,Paid,Card,0,5,2
109,2023-03-23,33,32746,1590,335,1,Paid,Check,1,5,3
110,2023-03-24,34,32746,1760,195,1,Paid,Zelle,0,5,2
111,2023-03-24,46,32765,105,15,1,Paid,Zelle,1,4,1
112,2023-03-27,72,34786,365,105,1,Paid,Card,0,5,1
113,2023-03-27,29,32792,1875,330,1,Paid,Check,0,3,4
114,2023-03-28,78,32792,155,25,1,Paid,Card,0,5,1
115,2023-03-28,37,32789,575,95,1,Paid,Check,0,5,3
116,2023-03-28,1,32808,1755,275,1,Paid,Zelle,0,5,2
117,2023-03-29,75,32825,1060,140,1,Paid,Zelle,1,5,2
118,2023-03-29,44,32750,965,385,2,Paid,Zelle,0,5,1
119,2023-04-01,41,32746,1130,270,1,Paid,Zelle,0,4,1
120,2023-04-03,84,32836,315,90,1,Paid,Card,0,4,1
121,2023-04-03,79,34786,445,90,1,Paid,Check,0,5,3
122,2023-04-04,65,32789,1240,215,1,Paid,Card,0,4,4
123,2023-04-04,90,34786,315,55,1,Paid,Card,1,4,3
124,2023-04-04,79,34786,420,55,1,Paid,Card,0,5,3
125,2023-04-05,69,34786,340,65,1,Paid,Check,1,5,2
126,2023-04-05,82,32707,60,10,1,Paid,Zelle,0,5,1
127,2023-04-05,20,32825,225,40,1,Paid,Zelle,0,5,1
128,2023-04-06,88,32750,125,15,1,Paid,Zelle,0,5,1
129,2023-04-06,12,32825,190,30,1,Paid,Cash,0,5,2
130,2023-04-06,12,32825,70,10,1,Paid,Cash,0,5,1
131,2023-04-07,2,32750,900,360,2,Paid,Zelle,0,4,1
132,2023-04-08,35,32779,2360,945,2,Paid,Check,0,4,1
133,2023-04-08,49,32792,895,120,1,Paid,Check,0,5,1
134,2023-04-09,85,32792,410,55,1,Paid,Card,0,5,1
135,2023-04-09,35,32779,2425,970,2,Paid,Cash,0,5,1
136,2023-04-09,71,32789,345,65,1,Paid,Check,0,5,1
137,2023-04-10,58,32746,900,360,2,Paid,Zelle,0,1,1
138,2023-04-10,101,32836,1935,360,1,Paid,Card,0,5,2
139,2023-04-11,45,32779,735,85,1,Paid,Cash,0,4,1
140,2023-04-12,81,32714,1055,235,1,Paid,Card,0,5,2
141,2023-04-12,50,32714,85,15,1,Paid,Zelle,0,5,1
142,2023-04-12,81,32714,380,110,1,Paid,Zelle,0,5,2
143,2023-04-13,57,32707,195,25,1,Paid,Zelle,0,5,1
144,2023-04-15,63,32825,475,85,1,Paid,Cash,1,2,3
145,2023-04-15,43,34786,630,110,1,Paid,Card,1,5,3
146,2023-04-15,26,32789,1000,250,1,Paid,Check,0,5,3
147,2023-04-16,96,32746,1110,320,1,Paid,Zelle,0,5,1
148,2023-04-16,14,32825,190,40,1,Paid,Check,1,5,2
149,2023-04-16,72,34786,2315,925,2,Paid,Card,0,5,1
150,2023-04-17,65,32789,115,30,1,Paid,Card,0,1,1
151,2023-04-17,77,32765,400,100,1,Paid,Card,0,5,2
152,2023-04-17,58,32746,2235,375,1,Paid,Check,0,5,1
153,2023-04-18,60,34786,1920,250,1,Paid,Card,0,5,1
154,2023-04-19,23,32746,1205,180,1,Paid,Check,0,3,3
155,2023-04-19,108,32792,1850,400,1,Paid,Card,1,4,3
156,2023-04-19,4,32836,3015,720,1,Paid,Check,0,5,3
157,2023-04-20,40,32789,2465,685,1,Paid,Card,0,5,2
158,2023-04-20,112,32750,225,65,1,Paid,Zelle,0,4,1
159,2023-04-21,75,32825,1020,150,1,Paid,Zelle,0,5,2
160,2023-04-22,59,32825,1020,265,1,Paid,Zelle,0,4,1
161,2023-04-22,110,32836,90,15,1,Paid,Card,0,5,1
162,2023-04-22,115,32765,1100,190,1,Paid,Zelle,0,3,3
163,2023-04-23,97,32792,450,95,1,Paid,Zelle,0,5,3
164,2023-04-23,99,32808,1770,405,1,Paid,Zelle,0,1,3
165,2023-04-24,82,32707,405,100,1,Paid,Zelle,0,2,3
166,2023-04-25,60,34786,110,10,1,Paid,Card,1,5,1
167,2023-04-25,15,32825,215,50,1,Paid,Check,0,5,2
168,2023-04-26,20,32825,325,70,1,Paid,Check,0,5,1
169,2023-04-26,106,32792,605,85,1,Paid,Card,0,5,2
170,2023-04-27,105,32707,225,50,1,Paid,Cash,1,5,1
171,2023-04-27,106,32792,130,15,1,Paid,Card,0,4,1
172,2023-04-28,31,32792,145,30,1,Paid,Zelle,0,5,2
173,2023-04-28,3,32746,840,195,1,Paid,Zelle,1,4,1
174,2023-04-29,78,32792,2190,875,2,Paid,Card,0,5,1
175,2023-04-30,135,34786,1860,330,1,Paid,Cash,0,5,4
176,2023-04-30,45,32779,250,70,1,Paid,Check,0,5,1
177,2023-04-30,57,32707,160,25,1,Paid,Zelle,0,1,1
178,2023-05-01,10,32789,990,395,2,Paid,Check,0,4,1
179,2023-05-02,121,34786,790,200,1,Paid,Check,0,5,3
180,2023-05-02,58,32746,1165,465,2,Paid,Zelle,0,5,1
181,2023-05-03,33,32746,1095,270,1,Paid,Cash,0,4,3
182,2023-05-03,39,32746,1265,505,2,Paid,Card,0,5,1
183,2023-05-03,31,32792,1775,710,2,Paid,Check,0,4,1
184,2023-05-04,105,32707,1275,130,1,Paid,Zelle,1,5,1
185,2023-05-05,4,32836,1350,170,1,Paid,Card,0,5,3
186,2023-05-07,21,32746,2020,810,2,Paid,Check,0,5,1
187,2023-05-07,10,32789,305,60,1,Paid,Check,0,5,2
188,2023-05-07,110,32836,1455,580,2,Paid,Check,0,5,1
189,2023-05-08,15,32825,1270,305,1,Paid,Cash,0,5,2
190,2023-05-08,113,32825,525,125,1,Paid,Zelle,0,5,3
191,2023-05-09,125,32707,2085,835,2,Paid,Zelle,0,5,1
192,2023-05-11,105,32707,175,20,1,Paid,Cash,0,5,1
193,2023-05-11,27,32792,550,65,1,Paid,Card,0,5,1
194,2023-05-12,92,32746,125,35,1,Paid,Zelle,0,5,1
195,2023-05-12,127,34786,2315,925,2,Paid,Card,0,5,1
196,2023-05-12,127,34786,2615,1045,2,Paid,Card,0,5,1
197,2023-05-13,127,34786,695,160,1,Paid,Check,0,5,3
198,2023-05-13,122,34786,125,30,1,Paid,Card,1,5,1
199,2023-05-14,142,34786,140,20,1,Paid,Check,0,5,1
200,2023-05-14,123,32765,1420,570,2,Paid,Cash,0,1,1
201,2023-05-14,7,32765,175,50,1,Paid,Zelle,0,5,1
202,2023-05-16,53,32707,550,155,1,Paid,Zelle,0,5,4
203,2023-05-16,12,32825,950,255,1,Paid,Cash,0,5,2
204,2023-05-18,121,34786,1700,210,1,Paid,Check,0,5,1
205,2023-05-20,93,32714,1930,770,2,Paid,Card,0,5,1
206,2023-05-20,57,32707,280,45,1,Paid,Zelle,0,5,1
207,2023-05-20,22,32707,900,360,2,Paid,Cash,0,2,1
208,2023-05-21,21,32746,2170,870,2,Paid,Zelle,0,5,1
209,2023-05-21,9,32825,340,100,1,Paid,Cash,0,5,2
210,2023-05-21,115,32765,325,65,1,Paid,Zelle,0,5,1
211,2023-05-22,97,32792,1295,310,1,Paid,Zelle,0,4,2
212,2023-05-22,12,32825,115,20,1,Paid,Cash,0,5,1
213,2023-05-22,1,32808,820,130,1,Paid,Zelle,0,5,2
214,2023-05-23,129,34786,1085,435,2,Paid,Card,0,4,1
215,2023-05-23,32,32765,65,20,1,Paid,Zelle,1,5,1
216,2023-05-24,67,32808,240,65,1,Paid,Zelle,0,5,1
217,2023-05-25,95,32765,1595,325,1,Paid,Cash,0,4,3
218,2023-05-25,159,32779,250,35,1,Paid,Card,0,5,1
219,2023-05-25,49,32792,250,65,1,Paid,Card,0,3,1
220,2023-05-26,167,32789,1480,435,1,Paid,Card,0,5,1
221,2023-05-27,84,32836,1990,475,1,Paid,Check,0,5,1
222,2023-05-27,164,32836,310,75,1,Paid,Check,0,5,2
223,2023-05-27,83,32792,1175,255,1,Paid,Zelle,0,5,2
224,2023-05-29,69,34786,2010,805,2,Paid,Check,0,4,1
225,2023-05-29,57,32707,535,110,1,Paid,Zelle,0,5,2
226,2023-05-30,161,32765,1465,335,1,Paid,Cash,1,4,2
227,2023-05-31,106,32792,315,65,1,Paid,Card,0,4,1
228,2023-05-31,87,32836,440,90,1,Paid,Check,0,5,3
229,2023-06-01,43,34786,2280,610,1,Paid,Zelle,0,3,3
230,2023-06-01,32,32765,190,50,1,Paid,Zelle,0,5,2
231,2023-06-02,169,32779,2235,390,1,Paid,Card,0,5,4
232,2023-06-03,113,32825,130,30,1,Paid,Cash,0,5,1
233,2023-06-04,59,32825,480,90,1,Paid,Cash,1,5,2
234,2023-06-04,164,32836,455,90,1,Paid,Card,1,5,2
235,2023-06-05,44,32750,120,30,1,Paid,Card,0,5,1
236,2023-06-05,122,34786,365,55,1,Paid,Check,0,4,3
237,2023-06-06,178,32765,480,130,1,Paid,Zelle,0,5,2
238,2023-06-08,98,32779,2625,575,1,Paid,Check,0,5,4
239,2023-06-09,119,32750,55,15,1,Paid,Zelle,0,4,1
240,2023-06-09,17,32825,165,25,1,Paid,Cash,0,4,1
241,2023-06-10,39,32746,120,35,1,Paid,Check,0,4,1
242,2023-06-11,4,32836,250,40,1,Paid,Check,0,5,1
243,2023-06-11,15,32825,400,75,1,Paid,Cash,0,3,1
244,2023-06-12,4,32836,60,15,1,Paid,Zelle,0,5,1
245,2023-06-12,23,32746,1545,620,2,Paid,Card,0,5,1
246,2023-06-13,32,32765,695,165,1,Paid,Zelle,0,5,3
247,2023-06-13,155,32836,215,35,1,Paid,Cash,0,5,2
248,2023-06-14,8,32825,355,55,1,Paid,Check,0,5,2
249,2023-06-14,79,34786,140,15,1,Paid,Card,0,5,1
250,2023-06-14,51,32789,990,395,2,Paid,Card,0,5,1
251,2023-06-15,92,32746,2050,820,2,Paid,Zelle,0,5,1
252,2023-06-15,173,32714,100,10,1,Paid,Check,1,5,1
253,2023-06-16,167,32789,550,130,1,Paid,Card,0,4,1
254,2023-06-17,108,32792,140,15,1,Paid,Card,0,5,1
255,2023-06-17,153,32714,225,65,1,Paid,Zelle,0,5,1
256,2023-06-19,70,32825,2210,885,2,Paid,Cash,0,5,1
257,2023-06-19,133,32808,50,10,1,Paid,Cash,0,5,1
258,2023-06-19,66,32765,510,70,1,Paid,Zelle,0,5,3
259,2023-06-21,79,34786,70,10,1,Paid,Check,0,5,1
260,2023-06-21,197,32825,505,120,1,Paid,Zelle,0,4,3
261,2023-06-21,49,32792,400,110,1,Paid,Check,0,4,1
262,2023-06-22,155,32836,250,70,1,Paid,Card,0,5,1
263,2023-06-22,80,32707,255,65,1,Paid,Zelle,1,5,1
264,2023-06-22,126,32707,250,60,1,Paid,Zelle,0,4,2
265,2023-06-25,163,32714,1745,375,1,Paid,Zelle,0,5,3
266,2023-06-26,180,32789,1255,500,2,Paid,Card,0,5,1
267,2023-06-27,59,32825,325,40,1,Paid,Zelle,0,5,2
268,2023-06-27,167,32789,265,65,1,Paid,Card,0,5,2
269,2023-06-27,18,32789,475,120,1,Paid,Card,0,3,3
270,2023-06-28,15,32825,335,90,1,Paid,Zelle,0,4,1
271,2023-06-28,61,32714,1460,585,2,Paid,Check,0,5,1
272,2023-06-29,192,32825,2305,920,2,Paid,Zelle,0,5,1
273,2023-06-30,156,32836,180,45,1,Paid,Check,0,4,1
274,2023-06-30,172,32789,250,60,1,Paid,Card,0,5,1
275,2023-07-01,122,34786,250,35,1,Paid,Check,0,4,1
276,2023-07-02,202,32836,550,150,1,Paid,Card,0,5,1
277,2023-07-02,174,32765,195,40,1,Paid,Zelle,0,5,2
278,2023-07-04,128,34786,1590,400,1,Paid,Check,0,4,3
279,2023-07-04,117,32808,225,45,1,Paid,Zelle,0,5,1
280,2023-07-05,44,32750,200,50,1,Paid,Check,0,5,2
281,2023-07-06,2,32750,1110,290,1,Paid,Zelle,0,5,3
282,2023-07-07,23,32746,60,10,1,Paid,Zelle,0,5,1
283,2023-07-07,11,32825,3260,1305,2,Paid,Zelle,0,2,1
284,2023-07-07,99,32808,180,30,1,Paid,Zelle,0,5,2
285,2023-07-09,165,34786,885,115,1,Paid,Check,0,5,1
286,2023-07-09,43,34786,190,55,1,Paid,Zelle,0,5,1
287,2023-07-11,178,32765,1740,265,1,Paid,Cash,0,4,4
288,2023-07-11,18,32789,1360,255,1,Paid,Card,0,5,1
289,2023-07-11,149,32707,160,20,1,Paid,Cash,0,5,1
290,2023-07-12,103,32707,1080,430,2,Paid,Card,0,5,1
291,2023-07-12,174,32765,385,80,1,Paid,Zelle,0,4,1
292,2023-07-12,23,32746,1655,235,1,Paid,Zelle,0,5,1
293,2023-07-13,98,32779,2805,1120,2,Paid,Card,0,5,1
294,2023-07-13,14,32825,2045,535,1,Paid,Zelle,0,5,4
295,2023-07-13,139,32836,1815,445,1,Paid,Zelle,0,5,4
296,2023-07-14,210,32714,220,30,1,Paid,Zelle,0,5,2
297,2023-07-14,27,32792,235,50,1,Paid,Card,0,3,2
298,2023-07-15,181,32714,2250,480,1,Paid,Check,0,5,3
299,2023-07-16,113,32825,110,20,1,Paid,Zelle,0,5,1
300,2023-07-16,199,32750,1845,390,1,Paid,Check,0,5,3
301,2023-07-16,81,32714,1395,405,1,Paid,Card,0,5,1
302,2023-07-18,84,32836,1680,385,1,Paid,Check,1,5,1
303,2023-07-19,191,32779,325,55,1,Paid,Card,0,5,1
304,2023-07-19,76,32779,155,30,1,Paid,Check,0,5,2
305,2023-07-19,11,32825,445,95,1,Paid,Zelle,0,5,3
306,2023-07-20,46,32765,225,30,1,Paid,Cash,0,2,1
307,2023-07-21,221,34786,1855,740,2,Paid,Card,0,3,1
308,2023-07-22,211,34786,640,125,1,Paid,Check,0,5,4
309,2023-07-23,153,32714,395,90,1,Paid,Check,0,4,2
310,2023-07-23,196,32792,130,20,1,Paid,Card,0,5,1
311,2023-07-23,114,32750,900,360,2,Paid,Zelle,0,4,1
312,2023-07-24,127,34786,125,25,1,Paid,Card,0,4,1
313,2023-07-24,166,32765,555,100,1,Paid,Cash,0,3,4
314,2023-07-25,212,32825,1245,270,1,Paid,Zelle,0,2,2
315,2023-07-26,122,34786,285,40,1,Paid,Card,0,5,2
316,2023-07-26,216,32714,1400,230,1,Paid,Card,0,5,4
317,2023-07-27,237,34786,315,35,1,Paid,Check,0,5,1
318,2023-07-28,206,32836,135,25,1,Paid,Card,0,5,1
319,2023-07-28,155,32836,1790,715,2,Paid,Check,0,2,1
320,2023-07-30,71,32789,490,110,1,Paid,Check,0,5,3
321,2023-07-30,88,32750,715,215,1,Paid,Zelle,0,2,1
322,2023-07-31,75,32825,220,40,1,Paid,Zelle,0,4,2
323,2023-07-31,223,34786,855,175,1,Paid,Check,1,5,3
324,2023-07-31,101,32836,260,55,1,Paid,Check,0,5,2
325,2023-08-01,155,32836,2315,925,2,Paid,Card,0,5,1
326,2023-08-02,31,32792,1775,395,1,Paid,Card,0,5,3
327,2023-08-02,81,32714,2065,825,2,Paid,Zelle,0,5,1
328,2023-08-02,52,32765,970,390,2,Paid,Zelle,0,5,1
329,2023-08-04,198,32792,990,395,2,Paid,Check,0,1,1
330,2023-08-04,231,32750,900,360,2,Paid,Card,0,5,1
331,2023-08-05,90,34786,990,395,2,Paid,Cash,0,5,1
332,2023-08-06,165,34786,130,15,1,Paid,Check,0,2,1
333,2023-08-06,140,34786,120,20,1,Paid,Check,0,5,1
334,2023-08-06,232,32808,590,145,1,Paid,Cash,0,5,3
335,2023-08-07,169,32779,370,80,1,Paid,Check,0,5,2
336,2023-08-08,178,32765,405,85,1,Paid,Zelle,1,4,3
337,2023-08-09,62,32808,60,10,1,Paid,Zelle,0,4,1
338,2023-08-13,34,32746,420,80,1,Paid,Zelle,0,5,2
339,2023-08-13,194,34786,550,125,1,Paid,Check,0,5,1
340,2023-08-13,7,32765,225,40,1,Paid,Cash,0,5,2
341,2023-08-14,42,32779,330,35,1,Paid,Check,0,2,1
342,2023-08-15,203,32750,315,40,1,Paid,Check,0,5,3
343,2023-08-15,104,32750,1650,445,1,Paid,Zelle,0,4,2
344,2023-08-16,139,32836,290,60,1,Paid,Card,0,5,1
345,2023-08-17,23,32746,385,75,1,Paid,Zelle,0,5,1
346,2023-08-19,5,32779,1510,385,1,Paid,Check,0,4,1
347,2023-08-21,9,32825,2205,880,2,Paid,Zelle,0,5,1
348,2023-08-24,77,32765,155,25,1,Paid,Zelle,0,4,2
349,2023-08-25,43,34786,155,30,1,Paid,Card,0,5,1
350,2023-08-25,235,32836,990,395,2,Paid,Card,0,1,1
351,2023-08-25,176,32746,230,55,1,Paid,Zelle,0,5,1
352,2023-08-26,113,32825,1570,630,2,Paid,Zelle,0,5,1
353,2023-08-27,165,34786,305,85,1,Paid,Cash,0,5,1
354,2023-08-28,257,34786,295,55,1,Paid,Check,0,5,1
355,2023-08-28,63,32825,225,60,1,Paid,Cash,0,5,1
356,2023-08-30,41,32746,100,30,1,Paid,Zelle,0,5,1
357,2023-08-30,145,32808,2640,1055,2,Paid,Zelle,0,4,1
358,2023-09-01,102,32765,270,40,1,Paid,Zelle,0,2,2
359,2023-09-03,266,32746,410,75,1,Paid,Zelle,0,5,3
360,2023-09-04,87,32836,130,20,1,Paid,Card,0,5,1
361,2023-09-04,142,34786,3135,1255,2,Paid,Check,0,5,1
362,2023-09-06,221,34786,260,40,1,Paid,Card,0,4,2
363,2023-09-06,238,32765,2085,835,2,Paid,Zelle,0,4,1
364,2023-09-07,275,34786,2475,365,1,Paid,Check,0,5,3
365,2023-09-09,69,34786,1810,725,2,Paid,Card,1,1,1
366,2023-09-09,122,34786,495,115,1,Paid,Check,0,5,3
367,2023-09-10,240,32765,345,75,1,Paid,Cash,0,5,2
368,2023-09-11,231,32750,90,15,1,Paid,Zelle,0,5,1
369,2023-09-12,120,32765,1700,315,1,Paid,Zelle,0,5,3
370,2023-09-12,262,32746,280,60,1,Paid,Zelle,1,5,2
371,2023-09-13,222,32750,1590,355,1,Paid,Check,0,5,4
372,2023-09-13,160,32789,1685,385,1,Paid,Check,1,5,3
373,2023-09-14,47,32750,135,30,1,Paid,Zelle,0,5,1
374,2023-09-15,236,32750,85,10,1,Paid,Check,1,4,1
375,2023-09-15,210,32714,445,90,1,Paid,Zelle,0,4,2
376,2023-09-15,10,32789,360,95,1,Paid,Check,0,5,1
377,2023-09-17,181,32714,225,40,1,Paid,Check,0,1,1
378,2023-09-17,5,32779,640,145,1,Paid,Card,0,5,3
379,2023-09-19,286,32792,680,135,1,Paid,Card,0,5,3
380,2023-09-19,173,32714,225,55,1,Paid,Card,0,5,1
381,2023-09-20,29,32792,225,50,1,Paid,Check,0,5,2
382,2023-09-20,25,32808,1305,265,1,Paid,Zelle,0,5,2
383,2023-09-21,98,32779,285,60,1,Paid,Zelle,0,4,1
384,2023-09-22,28,32836,410,65,1,Paid,Zelle,1,5,3
385,2023-09-22,124,32836,255,65,1,Paid,Card,0,5,1
386,2023-09-23,64,32746,175,30,1,Paid,Zelle,0,5,2
387,2023-09-23,153,32714,335,90,1,Paid,Zelle,0,4,2
388,2023-09-23,279,32808,710,150,1,Paid,Zelle,0,5,3
389,2023-09-24,162,32707,680,145,1,Paid,Zelle,1,5,1
390,2023-09-24,274,32707,260,35,1,Paid,Cash,0,5,2
391,2023-09-27,284,32808,500,145,1,Paid,Cash,0,5,1
392,2023-09-28,182,32808,225,60,1,Paid,Zelle,0,5,1
393,2023-09-29,132,32836,120,25,1,Paid,Cash,0,5,1
394,2023-09-30,96,32746,325,75,1,Paid,Zelle,0,5,2
395,2023-10-01,268,32808,655,120,1,Paid,Zelle,0,4,4
396,2023-10-01,6,34786,115,15,1,Paid,Card,1,5,1
397,2023-10-02,122,34786,250,65,1,Paid,Cash,0,4,1
398,2023-10-02,2,32750,85,20,1,Paid,Zelle,0,5,1
399,2023-10-04,157,32750,1280,145,1,Paid,Check,0,5,2
400,2023-10-05,116,32714,785,165,1,Paid,Zelle,0,2,4
401,2023-10-05,37,32789,2540,1015,2,Paid,Check,0,5,1
402,2023-10-06,134,32746,305,65,1,Paid,Zelle,0,5,3
403,2023-10-06,186,32714,225,30,1,Paid,Check,0,5,1
404,2023-10-07,112,32750,900,360,2,Paid,Zelle,0,4,1
405,2023-10-08,40,32789,1650,205,1,Paid,Card,0,5,3
406,2023-10-08,279,32808,500,90,1,Paid,Cash,0,5,3
407,2023-10-08,138,32750,325,75,1,Paid,Zelle,0,5,1
408,2023-10-09,59,32825,1445,295,1,Paid,Cash,0,4,1
409,2023-10-10,258,32792,170,25,1,Paid,Cash,0,5,1
410,2023-10-10,1,32808,2145,440,1,Paid,Zelle,0,5,3
411,2023-10-11,304,32750,455,105,1,Paid,Card,0,4,3
412,2023-10-11,45,32779,430,90,1,Paid,Check,0,5,1
413,2023-10-12,76,32779,785,180,1,Paid,Check,0,1,1
414,2023-10-13,121,34786,550,140,1,Paid,Card,0,1,1
415,2023-10-13,66,32765,525,110,1,Paid,Zelle,0,4,3
416,2023-10-13,3,32746,1730,270,1,Paid,Card,0,4,4
417,2023-10-14,177,32714,425,80,1,Paid,Zelle,0,2,3
418,2023-10-15,183,32714,1615,315,1,Paid,Zelle,0,4,3
419,2023-10-16,47,32750,165,30,1,Paid,Check,0,5,1
420,2023-10-19,46,32765,1105,130,1,Paid,Zelle,0,5,1
421,2023-10-19,177,32714,370,75,1,Paid,Check,0,5,3
422,2023-10-19,72,34786,460,85,1,Paid,Check,0,5,4
423,2023-10-21,201,32746,225,30,1,Paid,Zelle,0,2,1
424,2023-10-21,99,32808,1070,430,2,Paid,Zelle,1,4,1
425,2023-10-22,305,32746,900,360,2,Paid,Zelle,0,5,1
426,2023-10-22,97,32792,640,145,1,Paid,Card,0,5,3
427,2023-10-22,298,32714,2555,1020,2,Paid,Check,0,4,1
428,2023-10-25,142,34786,340,80,1,Paid,Check,0,5,1
429,2023-10-25,89,32746,330,55,1,Paid,Check,0,5,2
430,2023-10-27,123,32765,165,40,1,Paid,Zelle,0,5,1
431,2023-10-27,228,32836,990,395,2,Paid,Check,0,5,1
432,2023-10-28,7,32765,120,30,1,Paid,Zelle,0,5,1
433,2023-10-28,192,32825,615,115,1,Paid,Zelle,0,5,1
434,2023-10-29,268,32808,1175,345,1,Paid,Zelle,0,5,1
435,2023-10-29,111,32714,110,20,1,Paid,Zelle,0,5,1
436,2023-10-29,275,34786,1565,625,2,Paid,Cash,0,5,1
437,2023-10-30,194,34786,1440,375,1,Paid,Card,0,1,1
438,2023-10-30,4,32836,440,110,1,Paid,Zelle,0,5,2
439,2023-10-30,49,32792,175,25,1,Paid,Cash,0,5,1
440,2023-10-31,40,32789,160,35,1,Paid,Zelle,0,4,1
441,2023-11-02,79,34786,820,135,1,Paid,Check,0,5,2
442,2023-11-03,153,32714,2225,890,2,Paid,Zelle,0,5,1
443,2023-11-04,205,34786,1670,670,2,Paid,Card,1,5,1
444,2023-11-04,122,34786,1345,345,1,Paid,Check,0,5,3
445,2023-11-04,29,32792,675,85,1,Paid,Check,0,5,3
446,2023-11-05,209,32789,90,15,1,Paid,Cash,0,5,1
447,2023-11-05,72,34786,2020,445,1,Paid,Check,0,5,1
448,2023-11-05,223,34786,1015,285,1,Paid,Check,0,5,1
449,2023-11-06,80,32707,365,55,1,Paid,Zelle,0,5,1
450,2023-11-06,175,32779,1315,290,1,Paid,Card,0,4,3
451,2023-11-06,308,32750,150,30,1,Paid,Check,0,4,1
452,2023-11-07,97,32792,990,395,2,Paid,Check,0,5,1
453,2023-11-08,5,32779,95,10,1,Paid,Check,0,5,1
454,2023-11-10,22,32707,85,10,1,Paid,Zelle,0,4,1
455,2023-11-10,71,32789,105,15,1,Paid,Check,0,4,1
456,2023-11-11,193,32714,1355,540,2,Paid,Zelle,0,5,1
457,2023-11-12,221,34786,465,90,1,Paid,Check,0,4,3
458,2023-11-12,122,34786,960,195,1,Paid,Card,0,4,2
459,2023-11-12,230,32746,1280,510,2,Paid,Zelle,1,4,1
460,2023-11-13,188,34786,560,135,1,Paid,Card,0,4,3
461,2023-11-13,18,32789,175,20,1,Paid,Check,0,5,1
462,2023-11-14,136,32789,1175,170,1,Paid,Card,0,5,4
463,2023-11-15,321,32707,225,40,1,Paid,Cash,0,4,1
464,2023-11-16,346,32836,1560,625,2,Paid,Card,0,5,1
465,2023-11-17,200,34786,850,85,1,Paid,Check,0,5,1
466,2023-11-17,51,32789,105,30,1,Paid,Card,0,5,1
467,2023-11-17,150,32714,95,25,1,Paid,Zelle,1,5,1
468,2023-11-18,14,32825,530,55,1,Paid,Zelle,0,5,1
469,2023-11-19,281,32836,1270,250,1,Paid,Check,0,5,1
470,2023-11-20,232,32808,1180,200,1,Paid,Zelle,0,5,1
471,2023-11-21,215,32765,815,175,1,Paid,Cash,0,5,3
472,2023-11-21,212,32825,865,195,1,Paid,Zelle,0,5,3
473,2023-11-21,92,32746,1080,200,1,Paid,Check,0,5,3
474,2023-11-22,304,32750,840,105,1,Paid,Zelle,0,5,3
475,2023-11-23,46,32765,1255,500,2,Paid,Cash,0,5,1
476,2023-11-24,310,32836,540,75,1,Paid,Check,0,5,3
477,2023-11-24,312,34786,140,40,1,Paid,Check,0,4,1
478,2023-11-24,75,32825,880,95,1,Paid,Card,0,5,1
479,2023-11-25,318,32714,50,15,1,Paid,Zelle,0,5,1
480,2023-11-26,91,32789,1665,665,2,Paid,Check,0,5,1
481,2023-11-27,334,32707,170,30,1,Paid,Cash,0,5,1
482,2023-11-28,61,32714,170,30,1,Paid,Zelle,0,5,1
483,2023-11-28,103,32707,325,55,1,Paid,Zelle,0,5,1
484,2023-11-28,237,34786,555,110,1,Paid,Check,0,4,3
485,2023-11-29,97,32792,115,15,1,Paid,Check,0,5,1
486,2023-12-01,247,32808,1130,190,1,Paid,Zelle,0,5,1
487,2023-12-02,140,34786,1835,510,1,Paid,Zelle,0,5,3
488,2023-12-03,165,34786,155,15,1,Paid,Card,0,2,1
489,2023-12-03,118,32750,565,135,1,Paid,Zelle,0,5,3
490,2023-12-03,100,32836,1965,250,1,Paid,Check,0,5,2
491,2023-12-04,106,32792,1760,345,1,Paid,Check,0,5,3
492,2023-12-04,333,32836,905,145,1,Paid,Card,0,4,3
493,2023-12-04,360,32779,1140,285,1,Paid,Cash,0,5,4
494,2023-12-05,360,32779,205,40,1,Paid,Check,0,4,1
495,2023-12-05,250,32779,2015,430,1,Paid,Check,0,5,4
496,2023-12-06,202,32836,995,240,1,Paid,Card,0,5,4
497,2023-12-06,141,32779,455,130,1,Paid,Zelle,0,3,2
498,2023-12-06,142,34786,645,125,1,Paid,Check,0,5,4
499,2023-12-07,69,34786,765,85,1,Paid,Card,0,4,3
500,2023-12-07,44,32750,430,110,1,Paid,Zelle,1,5,3
501,2023-12-07,292,34786,990,395,2,Paid,Card,0,5,1
502,2023-12-09,388,32789,260,50,1,Paid,Card,0,2,3
503,2023-12-09,167,32789,185,35,1,Paid,Check,0,4,1
504,2023-12-09,176,32746,120,20,1,Paid,Zelle,1,2,1
505,2023-12-10,264,32707,165,50,1,Paid,Zelle,0,5,1
506,2023-12-11,42,32779,990,395,2,Paid,Check,0,5,1
507,2023-12-11,297,32707,1745,700,2,Paid,Cash,0,5,1
508,2023-12-12,65,32789,990,395,2,Paid,Zelle,0,4,1
509,2023-12-12,345,34786,1805,475,1,Paid,Card,0,3,2
510,2023-12-13,350,34786,170,25,1,Paid,Card,0,5,1
511,2023-12-13,372,32808,125,20,1,Paid,Zelle,0,5,1
512,2023-12-15,89,32746,1305,160,1,Paid,Check,0,4,3
513,2023-12-17,285,32792,400,65,1,Paid,Check,0,5,3
514,2023-12-18,318,32714,165,30,1,Paid,Check,0,5,1
515,2023-12-18,132,32836,1205,355,1,Paid,Cash,0,3,1
516,2023-12-18,95,32765,225,55,1,Paid,Zelle,0,5,1
517,2023-12-19,61,32714,2020,810,2,Paid,Check,0,4,1
518,2023-12-19,12,32825,975,250,1,Paid,Card,0,5,3
519,2023-12-20,216,32714,280,65,1,Paid,Zelle,1,5,1
520,2023-12-22,395,32746,500,85,1,Paid,Zelle,0,5,1
521,2023-12-22,296,34786,1575,630,2,Paid,Check,0,4,1
522,2023-12-22,4,32836,370,60,1,Paid,Check,0,4,2
523,2023-12-23,207,32779,110,20,1,Paid,Check,0,5,1
524,2023-12-23,167,32789,1060,250,1,Paid,Card,0,4,1
525,2023-12-24,11,32825,380,90,1,Paid,Cash,0,5,3
526,2023-12-24,324,32707,100,30,1,Paid,Cash,1,5,1
527,2023-12-25,74,32836,2080,830,2,Paid,Check,0,5,1
528,2023-12-28,339,32792,175,20,1,Paid,Check,1,3,1
529,2023-12-29,265,34786,250,25,1,Paid,Card,0,5,1
530,2023-12-31,166,32765,1520,420,1,Paid,Zelle,0,5,4
531,2023-12-31,100,32836,1530,610,2,Paid,Card,0,5,1
532,2024-01-01,102,32765,980,150,1,Paid,Check,0,5,1
533,2024-01-01,265,34786,305,50,1,Paid,Card,0,4,1
534,2024-01-01,317,32836,375,70,1,Paid,Zelle,0,5,3
535,2024-01-02,82,32707,1360,345,1,Paid,Zelle,0,4,2
536,2024-01-02,257,34786,705,115,1,Paid,Check,0,5,3
537,2024-01-02,118,32750,900,360,2,Paid,Zelle,0,4,1
538,2024-01-03,313,32746,1490,195,1,Paid,Check,0,5,2
539,2024-01-03,76,32779,1545,270,1,Paid,Card,0,5,4
540,2024-01-05,185,32825,1805,300,1,Paid,Zelle,0,5,3
541,2024-01-05,27,32792,160,20,1,Paid,Card,0,5,1
542,2024-01-08,185,32825,290,85,1,Paid,Cash,0,5,1
543,2024-01-09,217,32836,1575,315,1,Paid,Cash,0,5,4
544,2024-01-10,338,32789,1190,180,1,Paid,Check,0,5,2
545,2024-01-11,266,32746,515,105,1,Paid,Zelle,0,4,3
546,2024-01-11,172,32789,285,45,1,Paid,Zelle,0,4,1
547,2024-01-11,308,32750,120,25,1,Paid,Zelle,0,4,1
548,2024-01-13,103,32707,635,170,1,Paid,Zelle,0,4,2
549,2024-01-13,184,32825,395,80,1,Paid,Zelle,0,5,1
550,2024-01-14,137,32792,2430,385,1,Paid,Check,1,5,2
551,2024-01-14,201,32746,1280,175,1,Paid,Card,0,5,3
552,2024-01-16,96,32746,900,360,2,Paid,Zelle,0,5,1
553,2024-01-16,357,34786,2290,915,2,Paid,Card,1,4,1
554,2024-01-17,300,32779,190,25,1,Paid,Check,0,5,1
555,2024-01-18,184,32825,3280,1310,2,Paid,Zelle,0,5,1
556,2024-01-21,178,32765,1400,560,2,Paid,Cash,0,5,1
557,2024-01-21,32,32765,1080,430,2,Paid,Zelle,0,3,1
558,2024-01-21,439,32825,390,95,1,Paid,Zelle,0,5,3
559,2024-01-22,100,32836,145,25,1,Paid,Zelle,0,5,1
560,2024-01-23,377,32779,70,20,1,Paid,Zelle,0,4,1
561,2024-01-25,154,32714,1995,270,1,Paid,Card,0,5,3
562,2024-01-26,173,32714,955,175,1,Paid,Card,0,4,2
563,2024-01-26,260,32779,2605,1040,2,Paid,Check,0,5,1
564,2024-01-27,328,32808,85,15,1,Paid,Zelle,1,5,1
565,2024-01-27,137,32792,135,30,1,Paid,Check,0,5,1
566,2024-01-27,176,32746,65,10,1,Paid,Zelle,0,5,1
567,2024-01-28,154,32714,85,10,1,Paid,Card,0,5,1
568,2024-01-29,123,32765,1950,780,2,Paid,Zelle,0,4,1
569,2024-01-29,430,32808,235,55,1,Paid,Zelle,0,5,1
570,2024-01-30,264,32707,220,45,1,Paid,Zelle,0,5,2
571,2024-01-30,321,32707,1300,140,1,Paid,Check,0,5,1
572,2024-02-01,355,32746,305,65,1,Paid,Card,0,5,3
573,2024-02-02,95,32765,1910,500,1,Paid,Zelle,0,5,3
574,2024-02-03,157,32750,80,20,1,Paid,Zelle,0,5,1
575,2024-02-04,459,32792,560,110,1,Paid,Zelle,0,4,3
576,2024-02-04,51,32789,1780,460,1,Paid,Card,0,5,2
577,2024-02-04,7,32765,215,35,1,Paid,Zelle,0,4,2
578,2024-02-05,149,32707,340,70,1,Paid,Zelle,0,5,1
579,2024-02-05,425,32779,125,35,1,Paid,Check,0,2,1
580,2024-02-06,250,32779,320,75,1,Paid,Card,0,5,1
581,2024-02-06,399,32789,2345,940,2,Paid,Check,0,5,1
582,2024-02-06,390,34786,2130,850,2,Paid,Zelle,0,5,1
583,2024-02-07,356,32746,1440,345,1,Paid,Check,0,4,2
584,2024-02-08,79,34786,260,50,1,Paid,Check,0,5,2
585,2024-02-08,169,32779,2445,980,2,Paid,Card,1,4,1
586,2024-02-08,85,32792,1265,200,1,Paid,Check,0,5,2
587,2024-02-09,140,34786,1460,295,1,Paid,Check,0,3,1
588,2024-02-09,457,32789,2375,950,2,Paid,Card,0,5,1
589,2024-02-09,459,32792,2130,850,2,Paid,Check,0,5,1
590,2024-02-11,174,32765,1115,185,1,Paid,Zelle,1,2,3
591,2024-02-11,92,32746,465,120,1,Paid,Zelle,0,4,2
592,2024-02-13,463,34786,830,170,1,Paid,Card,0,4,2
593,2024-02-14,440,32750,170,30,1,Paid,Zelle,0,5,2
594,2024-02-15,105,32707,180,35,1,Paid,Zelle,0,5,2
595,2024-02-16,182,32808,1660,230,1,Paid,Zelle,0,5,1
596,2024-02-16,10,32789,2005,370,1,Paid,Card,0,5,1
597,2024-02-17,457,32789,990,395,2,Paid,Check,0,5,1
598,2024-02-18,320,34786,990,165,1,Paid,Card,0,5,3
599,2024-02-18,402,32808,2310,925,2,Paid,Zelle,0,5,1
600,2024-02-19,281,32836,155,25,1,Paid,Check,0,4,1
601,2024-02-21,483,34786,2120,605,1,Paid,Check,0,5,2
602,2024-02-22,118,32750,370,95,1,Paid,Zelle,0,5,2
603,2024-02-23,118,32750,2550,1020,2,Paid,Zelle,0,4,1
604,2024-02-23,44,32750,160,25,1,Paid,Check,0,5,1
605,2024-02-24,338,32789,255,65,1,Paid,Check,0,5,2
606,2024-02-25,462,32765,95,25,1,Paid,Cash,0,5,1
607,2024-02-25,154,32714,320,60,1,Paid,Check,0,2,3
608,2024-02-25,24,32779,1770,515,1,Paid,Zelle,0,4,1
609,2024-02-26,106,32792,190,40,1,Paid,Check,0,5,2
610,2024-02-26,132,32836,1000,400,2,Paid,Zelle,0,1,1
611,2024-02-27,374,34786,1635,655,2,Paid,Check,0,5,1
612,2024-02-27,21,32746,85,20,1,Paid,Card,0,5,1
613,2024-02-27,161,32765,1110,245,1,Paid,Zelle,0,2,1
614,2024-02-28,450,32779,1685,675,2,Paid,Card,0,5,1
615,2024-02-29,208,32808,1835,735,2,Paid,Zelle,0,4,1
616,2024-03-01,310,32836,1615,200,1,Paid,Card,0,4,3
617,2024-03-02,147,32779,2120,850,2,Paid,Card,0,4,1
618,2024-03-02,201,32746,405,90,1,Paid,Check,0,4,3
619,2024-03-02,93,32714,560,110,1,Paid,Card,0,5,4
620,2024-03-03,255,32750,1745,325,1,Paid,Zelle,0,3,3
621,2024-03-03,317,32836,90,20,1,Paid,Zelle,0,4,1
622,2024-03-03,441,32792,1275,510,2,Paid,Check,0,5,1
623,2024-03-04,330,32765,2120,485,1,Paid,Cash,0,5,4
624,2024-03-05,92,32746,1375,550,2,Paid,Card,0,5,1
625,2024-03-05,349,32765,360,65,1,Paid,Zelle,1,3,2
626,2024-03-06,194,34786,250,40,1,Paid,Cash,0,5,1
627,2024-03-06,3,32746,225,35,1,Paid,Card,0,5,1
628,2024-03-07,124,32836,1445,350,1,Paid,Card,0,5,3
629,2024-03-08,476,34786,1320,285,1,Paid,Zelle,0,5,3
630,2024-03-08,172,32789,140,20,1,Paid,Card,0,5,1
631,2024-03-08,66,32765,625,140,1,Paid,Zelle,0,5,4
632,2024-03-09,507,32792,110,15,1,Paid,Check,0,3,1
633,2024-03-13,47,32750,920,370,2,Paid,Zelle,1,4,1
634,2024-03-13,434,32789,60,5,1,Paid,Cash,0,5,1
635,2024-03-13,128,34786,305,65,1,Paid,Card,0,5,2
636,2024-03-15,364,32765,900,360,2,Paid,Cash,0,4,1
637,2024-03-17,480,32792,75,20,1,Paid,Check,0,5,1
638,2024-03-18,66,32765,200,45,1,Paid,Zelle,0,5,2
639,2024-03-18,240,32765,1800,325,1,Paid,Zelle,1,5,4
640,2024-03-19,316,32792,405,55,1,Paid,Card,0,4,2
641,2024-03-20,160,32789,385,90,1,Paid,Check,0,4,2
642,2024-03-20,286,32792,1720,690,2,Paid,Card,0,5,1
643,2024-03-21,62,32808,415,110,1,Paid,Zelle,0,2,3
644,2024-03-21,75,32825,990,395,2,Paid,Zelle,0,4,1
645,2024-03-21,144,32836,275,45,1,Paid,Card,0,5,1
646,2024-03-22,191,32779,1055,420,2,Paid,Check,0,5,1
647,2024-03-22,494,32765,115,30,1,Paid,Cash,0,5,1
648,2024-03-23,413,32836,1705,680,2,Paid,Card,0,5,1
649,2024-03-25,319,32779,190,20,1,Paid,Card,0,5,1
650,2024-03-25,326,32750,795,140,1,Paid,Zelle,0,4,1
651,2024-03-26,314,32746,1770,710,2,Paid,Zelle,0,4,1
652,2024-03-26,281,32836,1195,260,1,Paid,Card,0,5,3
653,2024-03-26,1,32808,330,75,1,Paid,Check,0,5,2
654,2024-03-27,252,32746,610,135,1,Paid,Zelle,0,4,2
655,2024-03-27,480,32792,2405,585,1,Paid,Check,0,5,4
656,2024-03-29,279,32808,755,185,1,Paid,Zelle,0,5,4
657,2024-03-31,360,32779,390,65,1,Paid,Check,0,4,2
658,2024-03-31,475,32792,265,75,1,Paid,Check,0,4,1
659,2024-04-01,492,32808,1930,770,2,Paid,Cash,1,5,1
660,2024-04-03,502,34786,160,25,1,Paid,Cash,0,4,1
661,2024-04-03,51,32789,185,40,1,Paid,Check,0,5,1
662,2024-04-03,174,32765,225,35,1,Paid,Zelle,0,4,1
663,2024-04-04,133,32808,495,95,1,Paid,Cash,0,5,3
664,2024-04-05,315,32714,625,115,1,Paid,Check,0,5,1
665,2024-04-05,177,32714,460,95,1,Paid,Zelle,0,5,2
666,2024-04-05,27,32792,250,55,1,Paid,Check,0,4,1
667,2024-04-07,173,32714,190,55,1,Paid,Card,1,4,1
668,2024-04-07,225,32836,200,55,1,Paid,Zelle,0,5,1
669,2024-04-07,480,32792,2165,625,1,Paid,Card,0,4,3
670,2024-04-08,341,32825,55,10,1,Paid,Zelle,0,5,1
671,2024-04-08,533,32789,655,100,1,Paid,Card,0,5,4
672,2024-04-08,376,32836,395,105,1,Paid,Check,0,5,4
673,2024-04-09,521,32765,765,120,1,Paid,Zelle,0,2,2
674,2024-04-09,435,32779,735,165,1,Paid,Check,0,5,4
675,2024-04-09,471,32750,365,80,1,Paid,Card,0,4,1
676,2024-04-11,501,32707,445,90,1,Paid,Zelle,0,5,3
677,2024-04-11,218,32789,2400,345,1,Paid,Zelle,0,5,3
678,2024-04-11,538,32779,1950,270,1,Paid,Card,0,5,3
679,2024-04-12,61,32714,1385,250,1,Paid,Check,0,5,2
680,2024-04-12,363,32765,130,35,1,Paid,Cash,0,5,1
681,2024-04-12,85,32792,3305,1320,2,Paid,Card,0,5,1
682,2024-04-13,518,32779,90,15,1,Paid,Check,0,2,1
683,2024-04-15,467,34786,3145,1260,2,Paid,Check,0,5,1
684,2024-04-15,245,32779,1555,245,1,Paid,Card,0,5,1
685,2024-04-15,232,32808,225,60,1,Paid,Zelle,0,4,1
686,2024-04-16,130,32836,1050,420,2,Paid,Card,1,4,1
687,2024-04-17,538,32779,1305,520,2,Paid,Card,0,5,1
688,2024-04-17,302,32714,350,90,1,Paid,Zelle,0,5,3
689,2024-04-17,176,32746,225,30,1,Paid,Zelle,0,5,1
690,2024-04-18,417,32789,1205,145,1,Paid,Check,0,5,2
691,2024-04-18,40,32789,325,80,1,Paid,Cash,0,5,1
692,2024-04-19,461,32808,500,75,1,Paid,Zelle,0,5,1
693,2024-04-19,145,32808,60,10,1,Paid,Zelle,0,4,1
694,2024-04-19,356,32746,325,50,1,Paid,Check,0,5,3
695,2024-04-20,508,32746,285,55,1,Paid,Check,1,5,1
696,2024-04-20,175,32779,1155,265,1,Paid,Card,0,3,4
697,2024-04-21,60,34786,1690,675,2,Paid,Card,0,5,1
698,2024-04-21,313,32746,685,110,1,Paid,Card,1,5,1
699,2024-04-22,299,32714,630,155,1,Paid,Zelle,0,4,2
700,2024-04-23,344,32750,900,360,2,Paid,Check,1,5,1
701,2024-04-23,271,32836,560,110,1,Paid,Check,0,5,1
702,2024-04-23,258,32792,935,230,1,Paid,Check,0,5,1
703,2024-04-24,402,32808,650,115,1,Paid,Cash,0,5,3
704,2024-04-24,326,32750,1330,295,1,Paid,Check,0,4,2
705,2024-04-24,165,34786,990,395,2,Paid,Cash,0,5,1
706,2024-04-25,560,32707,615,90,1,Paid,Zelle,0,4,3
707,2024-04-25,375,32825,105,15,1,Paid,Zelle,0,5,1
708,2024-04-26,446,32765,390,115,1,Paid,Zelle,0,5,1
709,2024-04-26,259,32765,900,360,2,Paid,Zelle,0,5,1
710,2024-04-27,79,34786,1610,420,1,Paid,Check,0,5,2
711,2024-04-27,12,32825,120,30,1,Paid,Zelle,0,5,1
712,2024-04-27,496,32789,1160,465,2,Paid,Cash,0,5,1
713,2024-04-28,44,32750,990,135,1,Paid,Zelle,1,4,2
714,2024-04-28,343,32825,2685,1075,2,Paid,Zelle,0,5,1
715,2024-04-29,61,32714,320,40,1,Paid,Zelle,0,5,1
716,2024-04-30,481,32808,110,15,1,Paid,Card,0,5,1
717,2024-04-30,540,32765,70,20,1,Paid,Zelle,0,5,1
718,2024-05-01,127,34786,450,120,1,Paid,Check,0,4,2
719,2024-05-01,218,32789,2365,945,2,Paid,Card,0,5,1
720,2024-05-01,118,32750,265,40,1,Paid,Check,0,5,2
721,2024-05-03,422,32750,3530,1410,2,Paid,Check,0,5,1
722,2024-05-04,73,32750,55,10,1,Paid,Check,0,5,1
723,2024-05-04,551,32792,1600,245,1,Paid,Check,0,3,2
724,2024-05-04,183,32714,1300,215,1,Paid,Zelle,0,5,3
725,2024-05-05,437,32792,1510,255,1,Paid,Zelle,0,2,4
726,2024-05-06,338,32789,1125,195,1,Paid,Card,0,4,3
727,2024-05-06,437,32792,565,165,1,Paid,Cash,0,4,2
728,2024-05-06,527,32707,240,50,1,Paid,Zelle,0,2,2
729,2024-05-07,317,32836,1710,495,1,Paid,Check,0,5,2
730,2024-05-07,78,32792,425,75,1,Paid,Cash,1,5,3
731,2024-05-07,41,32746,360,65,1,Paid,Zelle,0,5,3
732,2024-05-08,496,32789,610,180,1,Paid,Check,0,5,1
733,2024-05-08,297,32707,145,30,1,Paid,Zelle,0,4,1
734,2024-05-09,370,32836,1625,445,1,Paid,Card,0,5,3
735,2024-05-10,148,32789,795,175,1,Paid,Card,0,5,4
736,2024-05-10,305,32746,1670,260,1,Paid,Zelle,0,4,1
737,2024-05-11,238,32765,900,360,2,Paid,Cash,0,5,1
738,2024-05-12,557,32789,625,120,1,Paid,Cash,0,5,3
739,2024-05-12,532,32750,225,50,1,Paid,Zelle,0,5,1
740,2024-05-13,218,32789,250,30,1,Paid,Check,1,5,1
741,2024-05-14,112,32750,1370,360,1,Paid,Check,0,4,1
742,2024-05-14,483,34786,100,25,1,Paid,Card,0,5,1
743,2024-05-14,487,32789,320,60,1,Paid,Cash,0,5,1
744,2024-05-15,443,32746,185,50,1,Paid,Cash,0,5,1
745,2024-05-17,218,32789,220,30,1,Paid,Card,0,4,1
746,2024-05-17,152,32792,1440,180,1,Paid,Card,0,4,2
747,2024-05-19,334,32707,295,65,1,Paid,Cash,0,5,1
748,2024-05-19,211,34786,1395,370,1,Paid,Card,0,5,1
749,2024-05-20,509,32825,225,40,1,Paid,Zelle,0,5,1
750,2024-05-20,351,32714,1475,590,2,Paid,Zelle,0,5,1
751,2024-05-20,302,32714,895,130,1,Paid,Check,0,5,1
752,2024-05-21,136,32789,3420,1370,2,Paid,Cash,1,3,1
753,2024-05-21,483,34786,2715,1085,2,Paid,Check,0,5,1
754,2024-05-22,110,32836,1360,280,1,Paid,Zelle,0,5,4
755,2024-05-22,523,32765,1000,190,1,Paid,Zelle,0,4,2
756,2024-05-23,562,32746,390,50,1,Paid,Card,0,5,1
757,2024-05-23,383,32825,195,45,1,Paid,Zelle,0,5,1
758,2024-05-24,55,32765,1440,280,1,Paid,Cash,0,5,2
759,2024-05-25,59,32825,900,360,2,Paid,Cash,0,5,1
760,2024-05-25,78,32792,1580,630,2,Paid,Cash,0,1,1
761,2024-05-25,586,32808,2090,835,2,Paid,Cash,0,5,1
762,2024-05-26,149,32707,1725,690,2,Paid,Cash,0,4,1
763,2024-05-27,611,32746,1925,770,2,Paid,Zelle,1,5,1
764,2024-05-27,155,32836,150,25,1,Paid,Cash,1,5,1
765,2024-05-28,29,32792,2135,855,2,Paid,Card,0,4,1
766,2024-05-29,584,32789,435,85,1,Paid,Zelle,0,5,3
767,2024-05-29,518,32779,310,55,1,Paid,Card,0,5,1
768,2024-05-30,316,32792,110,20,1,Paid,Card,0,5,1
769,2024-05-30,156,32836,190,55,1,Paid,Zelle,0,5,1
770,2024-05-31,37,32789,105,20,1,Paid,Card,0,5,1
771,2024-05-31,59,32825,1760,705,2,Paid,Cash,0,5,1
772,2024-05-31,431,34786,2520,595,1,Paid,Check,0,5,4
773,2024-06-01,258,32792,1595,640,2,Paid,Card,0,3,1
774,2024-06-01,494,32765,495,90,1,Paid,Zelle,0,5,3
775,2024-06-03,29,32792,435,130,1,Paid,Card,0,5,1
776,2024-06-04,179,32750,265,70,1,Paid,Zelle,0,5,1
777,2024-06-04,474,32836,2170,560,1,Paid,Check,0,5,4
778,2024-06-05,441,32792,185,25,1,Paid,Card,0,5,1
779,2024-06-05,110,32836,255,45,1,Paid,Cash,0,5,2
780,2024-06-06,99,32808,235,55,1,Paid,Zelle,0,5,2
781,2024-06-08,335,32750,155,30,1,Paid,Zelle,0,5,2
782,2024-06-09,529,34786,1265,325,1,Paid,Check,0,5,2
783,2024-06-12,254,32789,285,30,1,Paid,Card,0,5,1
784,2024-06-12,440,32750,1195,480,2,Paid,Zelle,0,5,1
785,2024-06-13,21,32746,225,50,1,Paid,Zelle,0,1,1
786,2024-06-13,57,32707,345,70,1,Paid,Zelle,1,5,2
787,2024-06-14,6,34786,2505,1000,2,Paid,Cash,0,5,1
788,2024-06-14,553,32836,895,165,1,Paid,Check,1,5,4
789,2024-06-15,9,32825,500,135,1,Paid,Zelle,0,4,1
790,2024-06-17,318,32714,225,25,1,Paid,Zelle,0,4,1
791,2024-06-18,369,32779,130,25,1,Paid,Check,0,5,1
792,2024-06-18,467,34786,325,70,1,Paid,Zelle,0,5,1
793,2024-06-19,135,34786,250,40,1,Paid,Check,0,5,1
794,2024-06-19,450,32779,260,45,1,Paid,Card,0,4,1
795,2024-06-20,609,32792,1225,490,2,Paid,Card,0,5,1
796,2024-06-22,329,32707,900,360,2,Paid,Zelle,0,5,1
797,2024-06-22,387,32825,220,45,1,Paid,Card,0,5,2
798,2024-06-23,223,34786,160,40,1,Paid,Check,0,1,1
799,2024-06-24,112,32750,335,65,1,Paid,Zelle,0,5,3
800,2024-06-24,498,32808,2220,890,2,Paid,Card,0,5,1
801,2024-06-24,56,32714,2315,925,2,Paid,Check,0,5,1
802,2024-06-25,320,34786,105,20,1,Paid,Card,0,3,1
803,2024-06-25,160,32789,3370,1350,2,Paid,Check,0,5,1
804,2024-06-26,613,32792,145,40,1,Paid,Card,0,5,1
805,2024-06-27,559,32746,395,100,1,Paid,Cash,0,5,2
806,2024-06-29,139,32836,210,65,1,Paid,Cash,0,5,1
807,2024-06-30,33,32746,1825,295,1,Paid,Zelle,0,5,2
808,2024-07-01,172,32789,90,15,1,Paid,Check,0,5,1
809,2024-07-01,559,32746,355,50,1,Paid,Check,0,5,2
810,2024-07-01,443,32746,190,35,1,Paid,Zelle,0,5,2
811,2024-07-03,645,32792,2155,860,2,Paid,Check,0,5,1
812,2024-07-03,638,34786,1015,405,2,Paid,Check,0,4,1
813,2024-07-04,594,32707,1905,220,1,Paid,Cash,0,4,3
814,2024-07-04,574,32707,480,80,1,Paid,Zelle,0,5,2
815,2024-07-05,401,32750,1190,255,1,Paid,Card,0,4,1
816,2024-07-05,28,32836,2585,1035,2,Paid,Check,0,5,1
817,2024-07-05,626,32707,225,45,1,Paid,Cash,0,4,1
818,2024-07-08,564,32808,1510,360,1,Paid,Cash,0,4,2
819,2024-07-08,505,32707,270,70,1,Paid,Check,0,5,2
820,2024-07-08,408,32750,900,360,2,Paid,Zelle,0,4,1
821,2024-07-09,8,32825,1205,235,1,Paid,Card,0,4,4
822,2024-07-09,220,32746,2540,1015,2,Paid,Card,0,5,1
823,2024-07-10,203,32750,225,60,1,Paid,Zelle,0,5,1
824,2024-07-10,554,32765,1785,715,2,Paid,Zelle,0,5,1
825,2024-07-12,82,32707,140,25,1,Paid,Zelle,0,5,2
826,2024-07-12,364,32765,1625,195,1,Paid,Card,0,5,3
827,2024-07-12,158,32836,1525,240,1,Paid,Check,0,5,4
828,2024-07-14,72,34786,1375,405,1,Paid,Card,0,3,2
829,2024-07-14,444,32792,2145,365,1,Paid,Check,0,5,3
830,2024-07-15,594,32707,1435,295,1,Paid,Cash,0,2,2
831,2024-07-16,468,32714,1240,265,1,Paid,Check,0,5,3
832,2024-07-16,329,32707,350,85,1,Paid,Cash,0,4,2
833,2024-07-16,338,32789,800,170,1,Paid,Card,0,5,2
834,2024-07-17,166,32765,2545,1020,2,Paid,Check,0,3,1
835,2024-07-18,628,32836,475,70,1,Paid,Cash,0,5,3
836,2024-07-19,558,32825,315,60,1,Paid,Cash,0,5,2
837,2024-07-19,625,32707,3425,1370,2,Paid,Zelle,0,5,1
838,2024-07-19,653,32808,135,25,1,Paid,Zelle,0,5,1
839,2024-07-20,274,32707,75,10,1,Paid,Zelle,0,5,1
840,2024-07-21,336,32808,185,40,1,Paid,Zelle,0,5,2
841,2024-07-21,67,32808,440,75,1,Paid,Cash,0,5,4
842,2024-07-21,82,32707,90,10,1,Paid,Zelle,0,5,1
843,2024-07-22,171,32714,225,30,1,Paid,Zelle,0,5,2
844,2024-07-22,266,32746,2300,420,1,Paid,Check,0,2,3
845,2024-07-22,520,32765,640,100,1,Paid,Zelle,0,4,2
846,2024-07-23,208,32808,935,375,2,Paid,Zelle,0,5,1
847,2024-07-23,308,32750,115,15,1,Paid,Zelle,0,5,1
848,2024-07-23,361,32779,1440,575,2,Paid,Check,1,5,1
849,2024-07-24,290,32746,1665,665,2,Paid,Check,0,5,1
850,2024-07-25,676,32789,310,65,1,Paid,Check,0,5,1
851,2024-07-25,72,34786,930,255,1,Paid,Zelle,0,5,2
852,2024-07-25,517,32836,90,15,1,Paid,Check,0,5,1
853,2024-07-28,636,32792,255,65,1,Paid,Cash,0,4,2
854,2024-07-28,292,34786,1245,345,1,Paid,Card,0,5,4
855,2024-07-29,163,32714,1905,520,1,Paid,Zelle,0,5,3
856,2024-07-29,113,32825,145,30,1,Paid,Zelle,0,4,1
857,2024-07-30,56,32714,300,40,1,Paid,Card,0,4,2
858,2024-07-30,39,32746,1460,585,2,Paid,Zelle,1,5,1
859,2024-07-31,467,34786,385,110,1,Paid,Check,0,5,1
860,2024-07-31,186,32714,565,100,1,Paid,Check,0,3,1
861,2024-08-02,140,34786,2135,855,2,Paid,Check,0,1,1
862,2024-08-03,615,32789,120,25,1,Paid,Check,0,5,1
863,2024-08-04,138,32750,120,35,1,Paid,Zelle,1,2,1
864,2024-08-04,468,32714,255,55,1,Paid,Zelle,0,5,1
865,2024-08-04,691,32789,2130,850,2,Paid,Card,0,5,1
866,2024-08-06,517,32836,505,115,1,Paid,Check,0,5,3
867,2024-08-06,103,32707,225,40,1,Paid,Cash,0,5,1
868,2024-08-10,485,34786,250,45,1,Paid,Card,0,5,1
869,2024-08-11,392,32746,1765,225,1,Paid,Check,0,3,2
870,2024-08-13,49,32792,180,40,1,Paid,Check,0,5,1
871,2024-08-14,445,32808,1300,520,2,Paid,Cash,0,5,1
872,2024-08-18,153,32714,55,15,1,Paid,Card,0,5,1
873,2024-08-19,98,32779,1040,200,1,Paid,Check,0,5,4
874,2024-08-20,689,32714,140,30,1,Paid,Check,0,5,1
875,2024-08-23,279,32808,1510,275,1,Paid,Cash,0,5,3
876,2024-08-23,486,32750,2825,1130,2,Paid,Check,1,4,1
877,2024-08-25,140,34786,100,15,1,Paid,Card,0,1,1
878,2024-08-26,192,32825,310,60,1,Paid,Zelle,0,5,2
879,2024-08-26,227,32808,2130,850,2,Paid,Cash,0,5,1
880,2024-08-27,548,32750,505,110,1,Paid,Check,0,3,2
881,2024-08-29,595,32750,750,150,1,Paid,Zelle,0,5,4
882,2024-08-30,105,32707,700,130,1,Paid,Cash,0,5,1
883,2024-08-30,365,32750,1500,315,1,Paid,Zelle,1,5,2
884,2024-08-31,259,32765,585,110,1,Paid,Cash,0,5,3
885,2024-09-01,59,32825,2695,1080,2,Paid,Zelle,0,5,1
886,2024-09-01,353,32750,150,30,1,Paid,Zelle,0,4,1
887,2024-09-02,548,32750,760,150,1,Paid,Zelle,0,5,3
888,2024-09-04,394,32746,1785,380,1,Paid,Zelle,0,4,2
889,2024-09-05,375,32825,125,15,1,Paid,Zelle,0,5,1
890,2024-09-05,662,32789,290,50,1,Paid,Check,0,5,3
891,2024-09-05,115,32765,1125,250,1,Paid,Cash,0,5,2
892,2024-09-07,332,32789,990,395,2,Paid,Cash,0,5,1
893,2024-09-07,467,34786,155,35,1,Paid,Check,0,4,1
894,2024-09-08,601,32789,635,130,1,Paid,Check,0,5,4
895,2024-09-09,234,32779,1605,230,1,Paid,Cash,0,5,3
896,2024-09-09,255,32750,90,20,1,Paid,Check,0,5,1
897,2024-09-09,434,32789,185,30,1,Paid,Cash,0,4,2
898,2024-09-11,416,32765,225,35,1,Paid,Cash,1,4,1
899,2024-09-12,112,32750,355,85,1,Paid,Zelle,0,5,1
900,2024-09-12,479,32792,260,60,1,Paid,Check,0,5,2
901,2024-09-13,597,32714,265,60,1,Paid,Card,0,2,1
902,2024-09-13,696,32714,660,175,1,Paid,Cash,0,4,2
903,2024-09-14,306,32746,370,65,1,Paid,Zelle,0,5,3
904,2024-09-15,31,32792,1765,320,1,Paid,Card,0,4,1
905,2024-09-15,286,32792,455,130,1,Paid,Card,0,5,2
906,2024-09-16,465,34786,2430,970,2,Paid,Check,0,5,1
907,2024-09-17,525,32792,2305,470,1,Paid,Check,0,4,3
908,2024-09-17,338,32789,1155,460,2,Paid,Zelle,0,5,1
909,2024-09-18,686,32789,815,115,1,Paid,Check,0,5,2
910,2024-09-18,127,34786,380,105,1,Paid,Card,0,5,2
911,2024-09-19,375,32825,395,70,1,Paid,Zelle,0,2,1
912,2024-09-19,609,32792,310,40,1,Paid,Check,0,5,3
913,2024-09-20,188,34786,180,50,1,Paid,Card,0,3,1
914,2024-09-20,75,32825,820,195,1,Paid,Cash,0,4,1
915,2024-09-21,727,32792,370,85,1,Paid,Check,1,5,1
916,2024-09-21,134,32746,1310,265,1,Paid,Zelle,0,1,1
917,2024-09-23,209,32789,1275,300,1,Paid,Cash,0,4,2
918,2024-09-24,369,32779,250,60,1,Paid,Check,1,5,1
919,2024-09-24,527,32707,1565,365,1,Paid,Zelle,0,5,4
920,2024-09-25,128,34786,260,55,1,Paid,Cash,0,5,2
921,2024-09-25,7,32765,365,75,1,Paid,Zelle,0,5,1
922,2024-09-26,170,32825,2025,810,2,Paid,Zelle,0,4,1
923,2024-09-26,488,32750,1580,370,1,Paid,Zelle,0,5,2
924,2024-09-27,10,32789,180,45,1,Paid,Zelle,0,5,1
925,2024-09-29,637,32825,510,115,1,Paid,Zelle,0,4,3
926,2024-09-29,599,32789,2635,1055,2,Paid,Cash,0,5,1
927,2024-09-30,117,32808,100,20,1,Paid,Check,0,5,1
928,2024-10-01,212,32825,1015,405,2,Paid,Zelle,0,5,1
929,2024-10-01,418,32836,260,55,1,Paid,Card,0,3,1
930,2024-10-02,571,32808,225,65,1,Paid,Cash,0,4,1
931,2024-10-02,472,32746,1765,330,1,Paid,Check,0,5,3
932,2024-10-02,317,32836,70,20,1,Paid,Card,0,4,1
933,2024-10-03,259,32765,2965,1185,2,Paid,Zelle,0,5,1
934,2024-10-03,431,34786,235,50,1,Paid,Check,0,5,2
935,2024-10-04,536,32825,250,40,1,Paid,Cash,0,3,2
936,2024-10-04,615,32789,2180,870,2,Paid,Check,0,5,1
937,2024-10-04,389,32825,225,30,1,Paid,Zelle,0,5,1
938,2024-10-06,358,32750,1825,325,1,Paid,Card,0,5,4
939,2024-10-06,421,32836,1150,300,1,Paid,Card,0,5,1
940,2024-10-06,154,32714,235,45,1,Paid,Zelle,0,5,1
941,2024-10-07,134,32746,590,125,1,Paid,Zelle,0,5,3
942,2024-10-07,354,32750,1100,305,1,Paid,Zelle,0,5,2
943,2024-10-07,17,32825,300,45,1,Paid,Zelle,0,4,3
944,2024-10-08,469,32750,225,60,1,Paid,Check,0,4,1
945,2024-10-08,249,32746,225,35,1,Paid,Card,0,5,1
946,2024-10-09,176,32746,105,15,1,Paid,Check,1,5,1
947,2024-10-10,106,32792,265,45,1,Paid,Check,0,5,1
948,2024-10-11,17,32825,1025,165,1,Paid,Zelle,0,5,1
949,2024-10-11,215,32765,110,15,1,Paid,Cash,0,4,1
950,2024-10-11,375,32825,1340,535,2,Paid,Zelle,0,5,1
951,2024-10-12,517,32836,290,35,1,Paid,Cash,0,5,1
952,2024-10-14,499,32808,205,50,1,Paid,Cash,1,5,2
953,2024-10-15,580,32792,505,95,1,Paid,Cash,0,4,2
954,2024-10-15,547,32765,225,65,1,Paid,Cash,0,5,1
955,2024-10-16,726,32765,105,15,1,Paid,Zelle,0,5,1
956,2024-10-16,427,32746,320,55,1,Paid,Check,1,5,1
957,2024-10-16,598,32836,990,395,2,Paid,Check,0,5,1
958,2024-10-17,613,32792,1900,760,2,Paid,Cash,0,5,1
959,2024-10-18,314,32746,565,105,1,Paid,Zelle,0,5,2
960,2024-10-19,461,32808,900,360,2,Paid,Cash,0,4,1
961,2024-10-21,670,32792,645,115,1,Paid,Check,0,5,2
962,2024-10-21,97,32792,290,35,1,Paid,Check,0,5,2
963,2024-10-21,232,32808,1215,250,1,Paid,Cash,0,5,3
964,2024-10-22,225,32836,2360,335,1,Paid,Card,0,5,4
965,2024-10-22,413,32836,215,30,1,Paid,Check,0,5,2
966,2024-10-22,220,32746,2385,955,2,Paid,Zelle,0,5,1
967,2024-10-23,72,34786,420,75,1,Paid,Check,0,5,2
968,2024-10-23,157,32750,225,25,1,Paid,Zelle,0,4,1
969,2024-10-24,453,32825,225,55,1,Paid,Cash,0,5,1
970,2024-10-24,611,32746,395,50,1,Paid,Zelle,0,5,3
971,2024-10-24,27,32792,990,395,2,Paid,Check,0,5,1
972,2024-10-26,72,34786,1030,155,1,Paid,Card,0,5,3
973,2024-10-27,719,32808,225,30,1,Paid,Cash,0,5,1
974,2024-10-27,142,34786,1720,690,2,Paid,Check,0,5,1
975,2024-10-27,401,32750,290,50,1,Paid,Zelle,0,5,1
976,2024-10-28,691,32789,250,75,1,Paid,Check,0,5,1
977,2024-10-28,188,34786,1195,180,1,Paid,Card,0,5,2
978,2024-10-29,404,32707,1025,225,1,Paid,Cash,0,5,4
979,2024-10-29,304,32750,1165,465,2,Paid,Card,0,5,1
980,2024-10-29,243,32746,2170,540,1,Paid,Zelle,0,5,4
981,2024-10-30,385,32825,225,40,1,Paid,Zelle,0,5,1
982,2024-10-30,52,32765,265,50,1,Paid,Cash,0,4,1
983,2024-10-30,183,32714,910,210,1,Paid,Check,0,1,2
984,2024-10-31,425,32779,250,40,1,Paid,Zelle,0,5,1
985,2024-11-01,197,32825,505,115,1,Paid,Cash,0,4,3
986,2024-11-01,661,32714,130,30,1,Paid,Zelle,0,4,1
987,2024-11-02,195,32750,2635,1055,2,Paid,Zelle,0,4,1
988,2024-11-04,629,32714,590,135,1,Paid,Zelle,0,5,3
989,2024-11-05,253,32714,135,35,1,Paid,Check,0,5,1
990,2024-11-06,322,32808,1125,290,1,Paid,Cash,0,5,3
991,2024-11-06,150,32714,540,145,1,Paid,Zelle,0,4,3
992,2024-11-06,42,32779,1525,320,1,Paid,Card,0,5,4
993,2024-11-07,586,32808,565,115,1,Paid,Cash,0,5,3
994,2024-11-08,248,32792,1435,575,2,Paid,Card,0,5,1
995,2024-11-08,346,32836,1045,220,1,Paid,Card,0,5,2
996,2024-11-08,284,32808,405,80,1,Paid,Zelle,1,5,2
997,2024-11-09,221,34786,2740,1095,2,Paid,Card,0,2,1
998,2024-11-09,307,34786,2315,475,1,Paid,Card,1,5,3
999,2024-11-09,101,32836,615,120,1,Paid,Card,0,5,3
1000,2024-11-10,142,34786,100,15,1,Paid,Card,0,5,1
1001,2024-11-11,180,32789,410,50,1,Paid,Card,0,5,2
1002,2024-11-11,44,32750,265,40,1,Paid,Zelle,0,5,2
1003,2024-11-11,351,32714,775,220,1,Paid,Zelle,0,5,2
1004,2024-11-12,35,32779,1735,695,2,Paid,Check,0,5,1
1005,2024-11-13,707,32714,800,165,1,Paid,Card,0,4,2
1006,2024-11-14,692,32779,150,20,1,Paid,Check,0,4,1
1007,2024-11-17,296,34786,250,25,1,Paid,Check,0,4,1
1008,2024-11-18,72,34786,1030,180,1,Paid,Card,0,4,2
1009,2024-11-18,721,32714,2950,1180,2,Paid,Zelle,0,5,1
1010,2024-11-19,332,32789,2435,295,1,Paid,Card,1,5,2
1011,2024-11-20,504,32808,225,50,1,Paid,Zelle,0,4,1
1012,2024-11-20,267,32836,365,70,1,Paid,Card,0,4,2
1013,2024-11-20,645,32792,2215,885,2,Paid,Zelle,0,5,1
1014,2024-11-22,183,32714,115,30,1,Paid,Zelle,0,1,1
1015,2024-11-22,218,32789,300,40,1,Paid,Card,0,4,2
1016,2024-11-22,12,32825,120,20,1,Paid,Cash,0,4,1
1017,2024-11-23,693,32779,1250,280,1,Paid,Card,0,5,2
1018,2024-11-25,524,32746,305,65,1,Paid,Cash,0,3,3
1019,2024-11-25,343,32825,370,85,1,Paid,Zelle,0,5,1
1020,2024-11-25,448,32714,745,175,1,Paid,Zelle,0,4,2
1021,2024-11-26,6,34786,120,25,1,Paid,Card,0,5,1
1022,2024-11-27,271,32836,1305,180,1,Paid,Zelle,0,5,4
1023,2024-11-27,162,32707,1870,345,1,Paid,Zelle,0,5,3
1024,2024-11-28,47,32750,525,130,1,Paid,Zelle,0,5,2
1025,2024-11-29,333,32836,350,85,1,Paid,Check,1,5,1
1026,2024-11-29,777,34786,410,115,1,Paid,Check,0,5,1
1027,2024-11-30,531,32765,1665,665,2,Paid,Zelle,0,5,1
1028,2024-11-30,153,32714,1020,160,1,Paid,Zelle,0,5,1
1029,2024-12-01,19,32714,1045,260,1,Paid,Zelle,0,5,3
1030,2024-12-01,206,32836,840,210,1,Paid,Check,0,5,1
1031,2024-12-01,7,32765,755,130,1,Paid,Zelle,0,4,3
1032,2024-12-03,188,34786,1965,255,1,Paid,Cash,0,4,3
1033,2024-12-04,799,32789,360,70,1,Paid,Zelle,1,5,1
1034,2024-12-04,607,32808,355,75,1,Paid,Cash,0,5,2
1035,2024-12-04,322,32808,320,95,1,Paid,Cash,1,2,1
1036,2024-12-05,275,34786,150,40,1,Paid,Check,0,3,1
1037,2024-12-05,435,32779,1945,780,2,Paid,Card,0,4,1
1038,2024-12-05,203,32750,1035,200,1,Paid,Check,0,5,1
1039,2024-12-06,488,32750,455,100,1,Paid,Zelle,0,5,3
1040,2024-12-06,803,32765,225,30,1,Paid,Cash,0,4,1
1041,2024-12-06,148,32789,200,45,1,Paid,Zelle,0,5,2
1042,2024-12-07,105,32707,2485,995,2,Paid,Zelle,0,4,1
1043,2024-12-08,499,32808,1360,545,2,Paid,Zelle,0,5,1
1044,2024-12-08,221,34786,1545,620,2,Paid,Check,0,4,1
1045,2024-12-09,165,34786,750,160,1,Paid,Card,0,5,4
1046,2024-12-09,332,32789,180,35,1,Paid,Cash,0,5,1
1047,2024-12-10,216,32714,260,40,1,Paid,Zelle,0,5,3
1048,2024-12-10,638,34786,195,25,1,Paid,Card,0,4,1
1049,2024-12-11,52,32765,1020,210,1,Paid,Zelle,0,5,1
1050,2024-12-11,6,34786,2585,1035,2,Paid,Card,1,5,1
1051,2024-12-12,828,32707,115,20,1,Paid,Card,0,2,1
1052,2024-12-12,496,32789,150,45,1,Paid,Cash,0,4,1
1053,2024-12-13,307,34786,190,25,1,Paid,Check,0,5,1
1054,2024-12-13,160,32789,105,15,1,Paid,Card,0,5,1
1055,2024-12-13,668,32746,225,35,1,Paid,Zelle,0,5,1
1056,2024-12-14,797,32750,800,110,1,Paid,Zelle,0,3,2
1057,2024-12-14,616,32825,105,15,1,Paid,Cash,0,4,1
1058,2024-12-16,212,32825,410,75,1,Paid,Cash,1,5,3
1059,2024-12-16,577,32746,95,30,1,Paid,Zelle,0,5,1
1060,2024-12-16,157,32750,320,50,1,Paid,Check,0,5,2
1061,2024-12-17,554,32765,1720,690,2,Paid,Zelle,0,5,1
1062,2024-12-17,470,32750,405,80,1,Paid,Check,0,5,2
1063,2024-12-17,582,32714,3610,1445,2,Paid,Zelle,0,1,1
1064,2024-12-18,608,34786,1190,285,1,Paid,Check,0,5,1
1065,2024-12-19,661,32714,300,55,1,Paid,Zelle,0,5,3
1066,2024-12-19,694,32779,140,35,1,Paid,Card,0,5,1
1067,2024-12-19,287,32779,420,65,1,Paid,Card,0,5,2
1068,2024-12-20,648,32789,1905,760,2,Paid,Check,0,4,1
1069,2024-12-21,29,32792,3695,1480,2,Paid,Card,0,5,1
1070,2024-12-21,179,32750,225,50,1,Paid,Zelle,0,3,1
1071,2024-12-21,552,32825,1215,295,1,Paid,Zelle,0,4,1
1072,2024-12-22,179,32750,225,45,1,Paid,Zelle,0,2,1
1073,2024-12-23,729,32714,1620,475,1,Paid,Card,1,5,1
1074,2024-12-23,520,32765,210,45,1,Paid,Zelle,0,4,2
1075,2024-12-24,402,32808,3160,1265,2,Paid,Zelle,0,5,1
1076,2024-12-24,465,34786,115,30,1,Paid,Check,0,5,1
1077,2024-12-27,223,34786,1360,220,1,Paid,Card,1,5,1
1078,2024-12-28,492,32808,225,30,1,Paid,Cash,0,4,1
1079,2024-12-29,700,32714,3275,1310,2,Paid,Zelle,0,5,1
1080,2024-12-29,148,32789,990,395,2,Paid,Zelle,1,5,1
1081,2024-12-30,139,32836,300,65,1,Paid,Card,0,5,1
1082,2024-12-30,751,32714,90,20,1,Paid,Check,0,5,1
